{
  "formatVersion": 1,
  "database": {
    "version": 1,
    "identityHash": "ff079a7b7b609430c9008aa00b473d15",
    "entities": [
      {
        "tableName": "signals",
        "createSql": "CREATE TABLE IF NOT EXISTS `${TABLE_NAME}` (`signal_id` TEXT NOT NULL, `title` TEXT, `authorName` TEXT, `authorPhone` TEXT, `photoUrl` TEXT, `status` INTEGER NOT NULL, `latitude` REAL NOT NULL, `longitude` REAL NOT NULL, `seen` INTEGER NOT NULL, PRIMARY KEY(`signal_id`))",
        "fields": [
          {
            "fieldPath": "id",
            "columnName": "signal_id",
            "affinity": "TEXT",
            "notNull": true
          },
          {
            "fieldPath": "title",
            "columnName": "title",
            "affinity": "TEXT",
            "notNull": false
          },
          {
            "fieldPath": "authorName",
            "columnName": "authorName",
            "affinity": "TEXT",
            "notNull": false
          },
          {
            "fieldPath": "authorPhone",
            "columnName": "authorPhone",
            "affinity": "TEXT",
            "notNull": false
          },
          {
            "fieldPath": "photoUrl",
            "columnName": "photoUrl",
            "affinity": "TEXT",
            "notNull": false
          },
          {
            "fieldPath": "status",
            "columnName": "status",
            "affinity": "INTEGER",
            "notNull": true
          },
          {
            "fieldPath": "latitude",
            "columnName": "latitude",
            "affinity": "REAL",
            "notNull": true
          },
          {
            "fieldPath": "longitude",
            "columnName": "longitude",
            "affinity": "REAL",
            "notNull": true
          },
          {
            "fieldPath": "seen",
            "columnName": "seen",
            "affinity": "INTEGER",
            "notNull": true
          }
        ],
        "primaryKey": {
          "columnNames": [
            "signal_id"
          ],
          "autoGenerate": false
        },
        "indices": [],
        "foreignKeys": []
      }
    ],
    "setupQueries": [
      "CREATE TABLE IF NOT EXISTS room_master_table (id INTEGER PRIMARY KEY,identity_hash TEXT)",
      "INSERT OR REPLACE INTO room_master_table (id,identity_hash) VALUES(42, \"ff079a7b7b609430c9008aa00b473d15\")"
    ]
  }
}